{"stats":{"minecraft:crafted":{"minecraft:crafting_table":1,"minecraft:oak_planks":8},"minecraft:mined":{"minecraft:oak_log":2},"minecraft:killed":{"minecraft:zombie":3},"minecraft:picked_up":{"minecraft:oak_log":2},"minecraft:custom":{"minecraft:jump":73,"minecraft:time_since_rest":4462,"minecraft:leave_game":1,"minecraft:damage_dealt":597,"minecraft:damage_taken":50,"minecraft:sprint_one_cm":2267,"minecraft:play_time":4462,"minecraft:time_since_death":4462,"minecraft:walk_one_cm":2295,"minecraft:total_world_time":4462,"minecraft:mob_kills":3,"minecraft:fly_one_cm":170}},"DataVersion":3120}